id,season,n_migrations,mean_duration_days,mean_stopover_hours,mean_travel_speed_kmph,mean_n_stopovers,mean_n_major_stopovers,mean_n_sites_used
Crane36_KN6082,fall,2,25.291666666666668,45.0,7.520575357977984,0.5,0.5,0.5
Crane59_KN6126,fall,2,45.395833333333336,0.0,,1.0,1.0,1.0
Crane54_KN6101,fall,1,30.416666666666668,264.0,0.6436907665977486,2.0,2.0,2.0
Crane36_KN6082,spring,1,37.75,426.0,8.139192551765035,2.0,2.0,2.0
Crane54_KN6101,spring,1,43.458333333333336,378.0,1.1923062445636108,3.0,3.0,3.0
Crane57_KN6105,spring,1,33.0,354.0,5.850725270872239,2.0,2.0,1.0
Crane59_KN6126,spring,1,86.375,102.0,0.10420967389193064,2.0,2.0,2.0
