season,n_migrations,n_individuals,mean_departure_doy,sd_departure_doy,mean_arrival_doy,sd_arrival_doy,mean_duration_days,sd_duration_days,mean_stopover_hours,sd_stopover_hours,mean_travel_speed_kmph,sd_travel_speed_kmph
fall,5,3,237.4,16.2265215003093,271.8,18.84675038302359,34.358333333333334,20.98857989743735,70.8,114.81811703733867,5.228280494184572,7.660763156165871
spring,4,4,74.25,27.669176592976765,124.25,6.701989754294367,50.145833333333336,24.528292903864667,315.0,145.12063946937388,3.8216084352732036,3.807498360546081
